{"info":{"year":"2024","version":"2","description":"Exported from roboflow.com","contributor":"","url":"https://public.roboflow.com/object-detection/undefined","date_created":"2024-02-15T04:23:43+00:00"},"licenses":[{"id":1,"url":"https://creativecommons.org/licenses/by/4.0/","name":"CC BY 4.0"}],"categories":[{"id":0,"name":"cars","supercategory":"none"},{"id":1,"name":"cars","supercategory":"cars"}],"images":[{"id":0,"license":1,"file_name":"00019_jpg.rf.1381f45dc000210ccef712f5d481cf18.jpg","height":640,"width":640,"date_captured":"2024-02-15T04:23:43+00:00"},{"id":1,"license":1,"file_name":"00050_jpg.rf.02c2dcce079915c9c1d52c7b7d287b5c.jpg","height":640,"width":640,"date_captured":"2024-02-15T04:23:43+00:00"},{"id":2,"license":1,"file_name":"00088_jpg.rf.248bd32533f6efc7f148a43f83280637.jpg","height":640,"width":640,"date_captured":"2024-02-15T04:23:43+00:00"},{"id":3,"license":1,"file_name":"00031_jpg.rf.23398657311b35e65bbd2ceb843a64b6.jpg","height":640,"width":640,"date_captured":"2024-02-15T04:23:43+00:00"},{"id":4,"license":1,"file_name":"00026_jpg.rf.208ce2efc0428a3de897e314c498acc5.jpg","height":640,"width":640,"date_captured":"2024-02-15T04:23:43+00:00"},{"id":5,"license":1,"file_name":"00043_jpg.rf.1b21f9cff8a5c5a9b77f3a018216b51d.jpg","height":640,"width":640,"date_captured":"2024-02-15T04:23:43+00:00"},{"id":6,"license":1,"file_name":"00092_jpg.rf.21be730f5c9df575e268e2d72e61ae43.jpg","height":640,"width":640,"date_captured":"2024-02-15T04:23:43+00:00"},{"id":7,"license":1,"file_name":"00005_jpg.rf.133ccf02f12f52c281c50f994dc76d40.jpg","height":640,"width":640,"date_captured":"2024-02-15T04:23:43+00:00"},{"id":8,"license":1,"file_name":"00030_jpg.rf.167efe4c8522c2453dfa5e029cc08fe0.jpg","height":640,"width":640,"date_captured":"2024-02-15T04:23:43+00:00"},{"id":9,"license":1,"file_name":"00042_jpg.rf.11532bef844eecd18b5a380a1147a2f0.jpg","height":640,"width":640,"date_captured":"2024-02-15T04:23:43+00:00"},{"id":10,"license":1,"file_name":"00051_jpg.rf.01ef48b33942c549d2a44cace3213ce0.jpg","height":640,"width":640,"date_captured":"2024-02-15T04:23:43+00:00"},{"id":11,"license":1,"file_name":"00065_jpg.rf.0e2ff0ab9b0ad486e54e13877436cc52.jpg","height":640,"width":640,"date_captured":"2024-02-15T04:23:43+00:00"},{"id":12,"license":1,"file_name":"00045_jpg.rf.15858472c0dfb6400c8c0865cfcb95e2.jpg","height":640,"width":640,"date_captured":"2024-02-15T04:23:43+00:00"},{"id":13,"license":1,"file_name":"00036_jpg.rf.1437a75837cb6fa76bc7327d41a6576f.jpg","height":640,"width":640,"date_captured":"2024-02-15T04:23:43+00:00"},{"id":14,"license":1,"file_name":"00063_jpg.rf.10162941d54d8c162cdd526176ea1676.jpg","height":640,"width":640,"date_captured":"2024-02-15T04:23:43+00:00"},{"id":15,"license":1,"file_name":"00041_jpg.rf.24d4c8c8fe5e0dad1bbc78309a5e9fee.jpg","height":640,"width":640,"date_captured":"2024-02-15T04:23:43+00:00"},{"id":16,"license":1,"file_name":"00087_jpg.rf.297dfbc1c853bce364a75e430dae454d.jpg","height":640,"width":640,"date_captured":"2024-02-15T04:23:43+00:00"},{"id":17,"license":1,"file_name":"00017_jpg.rf.2d4dd2173fde796992c1cab8eb26b423.jpg","height":640,"width":640,"date_captured":"2024-02-15T04:23:43+00:00"},{"id":18,"license":1,"file_name":"00046_jpg.rf.398f8a55e27b646a28216eb2a960151c.jpg","height":640,"width":640,"date_captured":"2024-02-15T04:23:43+00:00"},{"id":19,"license":1,"file_name":"00012_jpg.rf.3fecc1d8f38cacb3a0961aca63e70afc.jpg","height":640,"width":640,"date_captured":"2024-02-15T04:23:43+00:00"},{"id":20,"license":1,"file_name":"00037_jpg.rf.272c4e82280cd544551923977fbe6995.jpg","height":640,"width":640,"date_captured":"2024-02-15T04:23:43+00:00"},{"id":21,"license":1,"file_name":"00049_jpg.rf.2f39ad32db96396fbfb9c8e8049a8664.jpg","height":640,"width":640,"date_captured":"2024-02-15T04:23:43+00:00"},{"id":22,"license":1,"file_name":"00075_jpg.rf.4d5f72d8508f7350ceee7e3493efe080.jpg","height":640,"width":640,"date_captured":"2024-02-15T04:23:43+00:00"},{"id":23,"license":1,"file_name":"00067_jpg.rf.370884b92e834fac15ae4adaffe5960f.jpg","height":640,"width":640,"date_captured":"2024-02-15T04:23:43+00:00"},{"id":24,"license":1,"file_name":"00011_jpg.rf.4f129d19125637493728f88e5b734719.jpg","height":640,"width":640,"date_captured":"2024-02-15T04:23:43+00:00"},{"id":25,"license":1,"file_name":"00090_jpg.rf.3f5d0978e0f459b28e4fd798036acdcc.jpg","height":640,"width":640,"date_captured":"2024-02-15T04:23:43+00:00"},{"id":26,"license":1,"file_name":"00001_jpg.rf.59e42b8cf2392c7fba77754bd92ab55e.jpg","height":640,"width":640,"date_captured":"2024-02-15T04:23:43+00:00"},{"id":27,"license":1,"file_name":"00080_jpg.rf.69b462d7e54c06da3d60c32358420b1c.jpg","height":640,"width":640,"date_captured":"2024-02-15T04:23:43+00:00"},{"id":28,"license":1,"file_name":"00025_jpg.rf.4fd7f940ffaacbd71d5d6bc07073f8ec.jpg","height":640,"width":640,"date_captured":"2024-02-15T04:23:43+00:00"},{"id":29,"license":1,"file_name":"00081_jpg.rf.67d0491bca09a75a4022d8312755b3f0.jpg","height":640,"width":640,"date_captured":"2024-02-15T04:23:43+00:00"},{"id":30,"license":1,"file_name":"00020_jpg.rf.437a047382f167a82739e09b527b833a.jpg","height":640,"width":640,"date_captured":"2024-02-15T04:23:43+00:00"},{"id":31,"license":1,"file_name":"00027_jpg.rf.3af8e260165525dcf7b538659c8d514d.jpg","height":640,"width":640,"date_captured":"2024-02-15T04:23:43+00:00"},{"id":32,"license":1,"file_name":"00029_jpg.rf.5b31fe4f9832614e7f0997b416495631.jpg","height":640,"width":640,"date_captured":"2024-02-15T04:23:43+00:00"},{"id":33,"license":1,"file_name":"00033_jpg.rf.69e893e82c405254a8e680693759cd46.jpg","height":640,"width":640,"date_captured":"2024-02-15T04:23:43+00:00"},{"id":34,"license":1,"file_name":"00064_jpg.rf.5bd7b3504c96b74f38c44d4488ca405c.jpg","height":640,"width":640,"date_captured":"2024-02-15T04:23:43+00:00"},{"id":35,"license":1,"file_name":"00074_jpg.rf.6d4d03f5d106b672bde946b562006a84.jpg","height":640,"width":640,"date_captured":"2024-02-15T04:23:43+00:00"},{"id":36,"license":1,"file_name":"00071_jpg.rf.334e8b427c2c9542a9aae0102c04e5cf.jpg","height":640,"width":640,"date_captured":"2024-02-15T04:23:43+00:00"},{"id":37,"license":1,"file_name":"00023_jpg.rf.6fdb538932b8afea3b9c36c5fb9b6070.jpg","height":640,"width":640,"date_captured":"2024-02-15T04:23:43+00:00"},{"id":38,"license":1,"file_name":"00018_jpg.rf.7729fda169dc6f81a9135061cddbdb1a.jpg","height":640,"width":640,"date_captured":"2024-02-15T04:23:43+00:00"},{"id":39,"license":1,"file_name":"00059_jpg.rf.70444102d8d38e312c72b3dba6e78470.jpg","height":640,"width":640,"date_captured":"2024-02-15T04:23:43+00:00"},{"id":40,"license":1,"file_name":"00007_jpg.rf.6c65fb76f2d5fc24eaa1986e523e1b25.jpg","height":640,"width":640,"date_captured":"2024-02-15T04:23:43+00:00"},{"id":41,"license":1,"file_name":"00003_jpg.rf.83faf943993bbc88f6bd5be1f09cb9da.jpg","height":640,"width":640,"date_captured":"2024-02-15T04:23:43+00:00"},{"id":42,"license":1,"file_name":"00057_jpg.rf.73f867e39702ff2d0cb29dba05d83eaa.jpg","height":640,"width":640,"date_captured":"2024-02-15T04:23:43+00:00"},{"id":43,"license":1,"file_name":"00060_jpg.rf.8e0e2a05ae154218fdc13c967dabd640.jpg","height":640,"width":640,"date_captured":"2024-02-15T04:23:43+00:00"},{"id":44,"license":1,"file_name":"00070_jpg.rf.8b648877d01780e280c3cc44611c7801.jpg","height":640,"width":640,"date_captured":"2024-02-15T04:23:43+00:00"},{"id":45,"license":1,"file_name":"00093_jpg.rf.8c73bcc158e0551d2fab54cd4ee556b7.jpg","height":640,"width":640,"date_captured":"2024-02-15T04:23:43+00:00"},{"id":46,"license":1,"file_name":"00096_jpg.rf.abff5f9e6272610fd9156c9b7832da45.jpg","height":640,"width":640,"date_captured":"2024-02-15T04:23:43+00:00"},{"id":47,"license":1,"file_name":"00055_jpg.rf.b5e6c0362bd6af8eb0f3c12b4f64b2df.jpg","height":640,"width":640,"date_captured":"2024-02-15T04:23:43+00:00"},{"id":48,"license":1,"file_name":"00015_jpg.rf.9563f34bc8a2e165dbfd45ed231e4018.jpg","height":640,"width":640,"date_captured":"2024-02-15T04:23:43+00:00"},{"id":49,"license":1,"file_name":"00010_jpg.rf.b9a076a34fe60f282221d437d49404dd.jpg","height":640,"width":640,"date_captured":"2024-02-15T04:23:43+00:00"},{"id":50,"license":1,"file_name":"00013_jpg.rf.ac03242c761f247d6698c05a1144cd59.jpg","height":640,"width":640,"date_captured":"2024-02-15T04:23:43+00:00"},{"id":51,"license":1,"file_name":"00038_jpg.rf.bd8df4ca1e7ca4d4439a577e5246d332.jpg","height":640,"width":640,"date_captured":"2024-02-15T04:23:43+00:00"},{"id":52,"license":1,"file_name":"00062_jpg.rf.d069b6ca3ea669af21ee9bf6897b20fb.jpg","height":640,"width":640,"date_captured":"2024-02-15T04:23:43+00:00"},{"id":53,"license":1,"file_name":"00079_jpg.rf.cba764d59f42d6278200980d34cd6286.jpg","height":640,"width":640,"date_captured":"2024-02-15T04:23:43+00:00"},{"id":54,"license":1,"file_name":"00098_jpg.rf.b6e2862a82a8c29e1a18942001090d84.jpg","height":640,"width":640,"date_captured":"2024-02-15T04:23:43+00:00"},{"id":55,"license":1,"file_name":"00047_jpg.rf.d354e84ed571306133075290a691fbdd.jpg","height":640,"width":640,"date_captured":"2024-02-15T04:23:43+00:00"},{"id":56,"license":1,"file_name":"00014_jpg.rf.dc4f91233e453899ca50372d8d45c315.jpg","height":640,"width":640,"date_captured":"2024-02-15T04:23:43+00:00"},{"id":57,"license":1,"file_name":"00072_jpg.rf.bb07a7f3729d9fed7cd41d394bce8c22.jpg","height":640,"width":640,"date_captured":"2024-02-15T04:23:43+00:00"},{"id":58,"license":1,"file_name":"00004_jpg.rf.b8ae8960adc358e49269fc00250cc970.jpg","height":640,"width":640,"date_captured":"2024-02-15T04:23:43+00:00"},{"id":59,"license":1,"file_name":"00008_jpg.rf.dd840d60f75fac35b5f09cf91774e10e.jpg","height":640,"width":640,"date_captured":"2024-02-15T04:23:43+00:00"},{"id":60,"license":1,"file_name":"00077_jpg.rf.e6ea000461f62467a9d1244720b40989.jpg","height":640,"width":640,"date_captured":"2024-02-15T04:23:43+00:00"},{"id":61,"license":1,"file_name":"00022_jpg.rf.e9032e28ae68020d1ead689615511634.jpg","height":640,"width":640,"date_captured":"2024-02-15T04:23:43+00:00"},{"id":62,"license":1,"file_name":"00082_jpg.rf.ec3691526eda00a3d2b2f29c4ca3445f.jpg","height":640,"width":640,"date_captured":"2024-02-15T04:23:43+00:00"},{"id":63,"license":1,"file_name":"00076_jpg.rf.e71d1ed630f18a0d9af736eb8eaa0d2c.jpg","height":640,"width":640,"date_captured":"2024-02-15T04:23:43+00:00"},{"id":64,"license":1,"file_name":"00100_jpg.rf.ddff5b3f3fe8d70470ebb85d504b1f09.jpg","height":640,"width":640,"date_captured":"2024-02-15T04:23:43+00:00"},{"id":65,"license":1,"file_name":"00048_jpg.rf.ed98774a7a6770d7921c6cca31e6cc20.jpg","height":640,"width":640,"date_captured":"2024-02-15T04:23:43+00:00"},{"id":66,"license":1,"file_name":"00016_jpg.rf.fc9c70592784d2bb2c2bee9317544792.jpg","height":640,"width":640,"date_captured":"2024-02-15T04:23:43+00:00"},{"id":67,"license":1,"file_name":"00052_jpg.rf.ef6f8c6d75641d3403758b0551f00ab4.jpg","height":640,"width":640,"date_captured":"2024-02-15T04:23:43+00:00"},{"id":68,"license":1,"file_name":"00078_jpg.rf.f15518d921cdafd1137cf81d63e78238.jpg","height":640,"width":640,"date_captured":"2024-02-15T04:23:43+00:00"},{"id":69,"license":1,"file_name":"00034_jpg.rf.fd67054d3ff4b24629b71c006ced1d3e.jpg","height":640,"width":640,"date_captured":"2024-02-15T04:23:43+00:00"}],"annotations":[{"id":0,"image_id":0,"category_id":1,"bbox":[104,235,478,211],"area":100858,"segmentation":[],"iscrowd":0},{"id":1,"image_id":1,"category_id":1,"bbox":[21,202,598,264],"area":157872,"segmentation":[],"iscrowd":0},{"id":2,"image_id":2,"category_id":1,"bbox":[40,117,551,396],"area":218196,"segmentation":[],"iscrowd":0},{"id":3,"image_id":2,"category_id":1,"bbox":[27,124,209,140],"area":29260,"segmentation":[],"iscrowd":0},{"id":4,"image_id":2,"category_id":1,"bbox":[1,128,89,49],"area":4361,"segmentation":[],"iscrowd":0},{"id":5,"image_id":3,"category_id":1,"bbox":[32,274,247,156],"area":38532,"segmentation":[],"iscrowd":0},{"id":6,"image_id":4,"category_id":1,"bbox":[28,279,582,227],"area":132114,"segmentation":[],"iscrowd":0},{"id":7,"image_id":5,"category_id":1,"bbox":[6,145,624,356],"area":222144,"segmentation":[],"iscrowd":0},{"id":8,"image_id":6,"category_id":1,"bbox":[101,226,425,206],"area":87550,"segmentation":[],"iscrowd":0},{"id":9,"image_id":7,"category_id":1,"bbox":[71,226,503,293],"area":147379,"segmentation":[],"iscrowd":0},{"id":10,"image_id":8,"category_id":1,"bbox":[57,183,563,303],"area":170589,"segmentation":[],"iscrowd":0},{"id":11,"image_id":9,"category_id":1,"bbox":[25,147,601,332],"area":199532,"segmentation":[],"iscrowd":0},{"id":12,"image_id":9,"category_id":1,"bbox":[348,189,292,191],"area":55772,"segmentation":[],"iscrowd":0},{"id":13,"image_id":10,"category_id":1,"bbox":[38,258,574,292],"area":167608,"segmentation":[],"iscrowd":0},{"id":14,"image_id":11,"category_id":1,"bbox":[92,313,430,175],"area":75250,"segmentation":[],"iscrowd":0},{"id":15,"image_id":12,"category_id":1,"bbox":[13,216,615,242],"area":148830,"segmentation":[],"iscrowd":0},{"id":16,"image_id":13,"category_id":1,"bbox":[146,222,429,213],"area":91377,"segmentation":[],"iscrowd":0},{"id":17,"image_id":14,"category_id":1,"bbox":[104,286,474,191],"area":90534,"segmentation":[],"iscrowd":0},{"id":18,"image_id":15,"category_id":1,"bbox":[55,132,513,371],"area":190323,"segmentation":[],"iscrowd":0},{"id":19,"image_id":15,"category_id":1,"bbox":[540,171,100,66],"area":6600,"segmentation":[],"iscrowd":0},{"id":20,"image_id":15,"category_id":1,"bbox":[510,169,90,51],"area":4590,"segmentation":[],"iscrowd":0},{"id":21,"image_id":15,"category_id":1,"bbox":[450,164,62,54],"area":3348,"segmentation":[],"iscrowd":0},{"id":22,"image_id":16,"category_id":1,"bbox":[18,204,607,253],"area":153571,"segmentation":[],"iscrowd":0},{"id":23,"image_id":17,"category_id":1,"bbox":[101,213,474,231],"area":109494,"segmentation":[],"iscrowd":0},{"id":24,"image_id":18,"category_id":1,"bbox":[21,182,596,315],"area":187740,"segmentation":[],"iscrowd":0},{"id":25,"image_id":19,"category_id":1,"bbox":[4,194,636,289],"area":183804,"segmentation":[],"iscrowd":0},{"id":26,"image_id":20,"category_id":1,"bbox":[25,197,590,257],"area":151630,"segmentation":[],"iscrowd":0},{"id":27,"image_id":21,"category_id":1,"bbox":[63,322,292,159],"area":46428,"segmentation":[],"iscrowd":0},{"id":28,"image_id":22,"category_id":1,"bbox":[46,233,562,215],"area":120830,"segmentation":[],"iscrowd":0},{"id":29,"image_id":23,"category_id":1,"bbox":[125,164,474,353],"area":167322,"segmentation":[],"iscrowd":0},{"id":30,"image_id":23,"category_id":1,"bbox":[438,209,113,56],"area":6328,"segmentation":[],"iscrowd":0},{"id":31,"image_id":23,"category_id":1,"bbox":[550,213,84,42],"area":3528,"segmentation":[],"iscrowd":0},{"id":32,"image_id":23,"category_id":1,"bbox":[130,192,46,44],"area":2024,"segmentation":[],"iscrowd":0},{"id":33,"image_id":23,"category_id":1,"bbox":[108,207,28,39],"area":1092,"segmentation":[],"iscrowd":0},{"id":34,"image_id":24,"category_id":1,"bbox":[45,197,558,308],"area":171864,"segmentation":[],"iscrowd":0},{"id":35,"image_id":25,"category_id":1,"bbox":[8,163,621,372],"area":231012,"segmentation":[],"iscrowd":0},{"id":36,"image_id":26,"category_id":1,"bbox":[44,232,561,279],"area":156519,"segmentation":[],"iscrowd":0},{"id":37,"image_id":26,"category_id":1,"bbox":[362,234,152,81],"area":12312,"segmentation":[],"iscrowd":0},{"id":38,"image_id":26,"category_id":1,"bbox":[550,237,90,121],"area":10890,"segmentation":[],"iscrowd":0},{"id":39,"image_id":26,"category_id":1,"bbox":[477,233,141,107],"area":15087,"segmentation":[],"iscrowd":0},{"id":40,"image_id":27,"category_id":1,"bbox":[45,124,575,431],"area":247825,"segmentation":[],"iscrowd":0},{"id":41,"image_id":28,"category_id":1,"bbox":[33,167,546,278],"area":151788,"segmentation":[],"iscrowd":0},{"id":42,"image_id":29,"category_id":1,"bbox":[9,204,621,270],"area":167670,"segmentation":[],"iscrowd":0},{"id":43,"image_id":30,"category_id":1,"bbox":[11,291,602,204],"area":122808,"segmentation":[],"iscrowd":0},{"id":44,"image_id":31,"category_id":1,"bbox":[79,215,533,234],"area":124722,"segmentation":[],"iscrowd":0},{"id":45,"image_id":32,"category_id":1,"bbox":[9,140,616,389],"area":239624,"segmentation":[],"iscrowd":0},{"id":46,"image_id":33,"category_id":1,"bbox":[15,200,616,291],"area":179256,"segmentation":[],"iscrowd":0},{"id":47,"image_id":33,"category_id":1,"bbox":[0,190,76,63],"area":4788,"segmentation":[],"iscrowd":0},{"id":48,"image_id":33,"category_id":1,"bbox":[438,211,170,63],"area":10710,"segmentation":[],"iscrowd":0},{"id":49,"image_id":33,"category_id":1,"bbox":[521,182,88,37],"area":3256,"segmentation":[],"iscrowd":0},{"id":50,"image_id":33,"category_id":1,"bbox":[428,192,85,24],"area":2040,"segmentation":[],"iscrowd":0},{"id":51,"image_id":33,"category_id":1,"bbox":[350,183,63,24],"area":1512,"segmentation":[],"iscrowd":0},{"id":52,"image_id":33,"category_id":1,"bbox":[286,183,61,23],"area":1403,"segmentation":[],"iscrowd":0},{"id":53,"image_id":34,"category_id":1,"bbox":[57,102,522,414],"area":216108,"segmentation":[],"iscrowd":0},{"id":54,"image_id":35,"category_id":1,"bbox":[23,91,600,455],"area":273000,"segmentation":[],"iscrowd":0},{"id":55,"image_id":36,"category_id":1,"bbox":[8,183,626,283],"area":177158,"segmentation":[],"iscrowd":0},{"id":56,"image_id":37,"category_id":1,"bbox":[14,179,590,268],"area":158120,"segmentation":[],"iscrowd":0},{"id":57,"image_id":38,"category_id":1,"bbox":[39,138,544,396],"area":215424,"segmentation":[],"iscrowd":0},{"id":58,"image_id":39,"category_id":1,"bbox":[62,165,542,267],"area":144714,"segmentation":[],"iscrowd":0},{"id":59,"image_id":39,"category_id":1,"bbox":[1,173,157,160],"area":25120,"segmentation":[],"iscrowd":0},{"id":60,"image_id":39,"category_id":1,"bbox":[139,197,163,55],"area":8965,"segmentation":[],"iscrowd":0},{"id":61,"image_id":39,"category_id":1,"bbox":[589,210,49,65],"area":3185,"segmentation":[],"iscrowd":0},{"id":62,"image_id":40,"category_id":1,"bbox":[0,144,58,92],"area":5336,"segmentation":[],"iscrowd":0},{"id":63,"image_id":40,"category_id":1,"bbox":[17,142,138,86],"area":11868,"segmentation":[],"iscrowd":0},{"id":64,"image_id":40,"category_id":1,"bbox":[144,162,118,58],"area":6844,"segmentation":[],"iscrowd":0},{"id":65,"image_id":40,"category_id":1,"bbox":[80,155,464,330],"area":153120,"segmentation":[],"iscrowd":0},{"id":66,"image_id":40,"category_id":1,"bbox":[512,184,82,127],"area":10414,"segmentation":[],"iscrowd":0},{"id":67,"image_id":41,"category_id":1,"bbox":[87,189,513,275],"area":141075,"segmentation":[],"iscrowd":0},{"id":68,"image_id":42,"category_id":1,"bbox":[135,256,384,164],"area":62976,"segmentation":[],"iscrowd":0},{"id":69,"image_id":43,"category_id":1,"bbox":[201,304,356,204],"area":72624,"segmentation":[],"iscrowd":0},{"id":70,"image_id":43,"category_id":1,"bbox":[24,300,156,102],"area":15912,"segmentation":[],"iscrowd":0},{"id":71,"image_id":44,"category_id":1,"bbox":[86,202,338,272],"area":91936,"segmentation":[],"iscrowd":0},{"id":72,"image_id":45,"category_id":1,"bbox":[44,219,555,228],"area":126540,"segmentation":[],"iscrowd":0},{"id":73,"image_id":46,"category_id":1,"bbox":[62,216,490,222],"area":108780,"segmentation":[],"iscrowd":0},{"id":74,"image_id":46,"category_id":1,"bbox":[498,199,142,125],"area":17750,"segmentation":[],"iscrowd":0},{"id":75,"image_id":47,"category_id":1,"bbox":[80,221,525,277],"area":145425,"segmentation":[],"iscrowd":0},{"id":76,"image_id":48,"category_id":1,"bbox":[39,174,545,313],"area":170585,"segmentation":[],"iscrowd":0},{"id":77,"image_id":49,"category_id":1,"bbox":[23,193,598,250],"area":149500,"segmentation":[],"iscrowd":0},{"id":78,"image_id":50,"category_id":1,"bbox":[37,155,499,349],"area":174151,"segmentation":[],"iscrowd":0},{"id":79,"image_id":51,"category_id":1,"bbox":[17,196,592,318],"area":188256,"segmentation":[],"iscrowd":0},{"id":80,"image_id":52,"category_id":1,"bbox":[31,152,571,344],"area":196424,"segmentation":[],"iscrowd":0},{"id":81,"image_id":53,"category_id":1,"bbox":[132,219,506,266],"area":134596,"segmentation":[],"iscrowd":0},{"id":82,"image_id":53,"category_id":1,"bbox":[111,289,27,24],"area":648,"segmentation":[],"iscrowd":0},{"id":83,"image_id":53,"category_id":1,"bbox":[127,287,28,25],"area":700,"segmentation":[],"iscrowd":0},{"id":84,"image_id":54,"category_id":1,"bbox":[63,139,517,326],"area":168542,"segmentation":[],"iscrowd":0},{"id":85,"image_id":55,"category_id":1,"bbox":[31,178,408,257],"area":104856,"segmentation":[],"iscrowd":0},{"id":86,"image_id":56,"category_id":1,"bbox":[20,273,607,242],"area":146894,"segmentation":[],"iscrowd":0},{"id":87,"image_id":57,"category_id":1,"bbox":[49,240,541,248],"area":134168,"segmentation":[],"iscrowd":0},{"id":88,"image_id":58,"category_id":1,"bbox":[182,222,275,222],"area":61050,"segmentation":[],"iscrowd":0},{"id":89,"image_id":59,"category_id":1,"bbox":[73,162,522,323],"area":168606,"segmentation":[],"iscrowd":0},{"id":90,"image_id":59,"category_id":1,"bbox":[447,180,193,192],"area":37056,"segmentation":[],"iscrowd":0},{"id":91,"image_id":59,"category_id":1,"bbox":[2,190,94,95],"area":8930,"segmentation":[],"iscrowd":0},{"id":92,"image_id":60,"category_id":1,"bbox":[6,152,625,350],"area":218750,"segmentation":[],"iscrowd":0},{"id":93,"image_id":61,"category_id":1,"bbox":[61,262,521,192],"area":100032,"segmentation":[],"iscrowd":0},{"id":94,"image_id":62,"category_id":1,"bbox":[57,187,542,310],"area":168020,"segmentation":[],"iscrowd":0},{"id":95,"image_id":62,"category_id":1,"bbox":[462,208,178,187],"area":33286,"segmentation":[],"iscrowd":0},{"id":96,"image_id":63,"category_id":1,"bbox":[22,171,590,307],"area":181130,"segmentation":[],"iscrowd":0},{"id":97,"image_id":64,"category_id":1,"bbox":[33,319,572,226],"area":129272,"segmentation":[],"iscrowd":0},{"id":98,"image_id":64,"category_id":1,"bbox":[405,102,232,116],"area":26912,"segmentation":[],"iscrowd":0},{"id":99,"image_id":64,"category_id":1,"bbox":[1,343,173,72],"area":12456,"segmentation":[],"iscrowd":0},{"id":100,"image_id":64,"category_id":1,"bbox":[578,349,62,76],"area":4712,"segmentation":[],"iscrowd":0},{"id":101,"image_id":65,"category_id":1,"bbox":[170,167,422,287],"area":121114,"segmentation":[],"iscrowd":0},{"id":102,"image_id":66,"category_id":1,"bbox":[30,132,580,353],"area":204740,"segmentation":[],"iscrowd":0},{"id":103,"image_id":66,"category_id":1,"bbox":[488,134,46,27],"area":1242,"segmentation":[],"iscrowd":0},{"id":104,"image_id":66,"category_id":1,"bbox":[380,128,34,20],"area":680,"segmentation":[],"iscrowd":0},{"id":105,"image_id":67,"category_id":1,"bbox":[28,168,588,298],"area":175224,"segmentation":[],"iscrowd":0},{"id":106,"image_id":68,"category_id":1,"bbox":[33,162,582,342],"area":199044,"segmentation":[],"iscrowd":0},{"id":107,"image_id":69,"category_id":1,"bbox":[34,140,589,336],"area":197904,"segmentation":[],"iscrowd":0},{"id":108,"image_id":69,"category_id":1,"bbox":[0,161,56,149],"area":8344,"segmentation":[],"iscrowd":0}]}